{
   "format_version": "1.16.0",
   "minecraft:block": {
      "description": {
         "identifier": "im:item_pipe_w"
      },
      "components": {
         "minecraft:material_instances": {
            "*": {
               "texture": "item_pipe",
               "render_method": "alpha_test"
            }
         },
         "minecraft:loot": "im_loot_tables/item_pipe.json",
         "minecraft:pick_collision":{
            "origin": [ -8.5, 4, -3.5 ],
            "size": [ 17, 7, 7 ]
         },
         "minecraft:entity_collision":{
            "origin": [ -8.5, 0, -3.5 ],
            "size": [ 17, 0.1, 7 ]
         },
         "minecraft:destroy_time":0.5,
         "minecraft:rotation": [0, 90, 0],
         "minecraft:block_light_absorption": 0,
         "minecraft:geometry": "geometry.item_pipe"
      }
   }
}