{
    "pools": [
        {
            "rolls": 1,
            "entries": [
                {
                    "type": "item",
                    "name": "minecraft:cobblestone",
                    "weight": 10
                },
                {
                    "type": "item",
                    "name": "minecraft:dirt",
                    "weight": 8
                },
                {
                    "type": "item",
                    "name": "minecraft:raw_iron",
                    "weight": 5
                },
                {
                    "type": "item",
                    "name": "minecraft:raw_gold",
                    "weight": 5
                },
                {
                    "type": "item",
                    "name": "minecraft:raw_copper",
                    "weight": 5
                },
                {
                    "type": "item",
                    "name": "minecraft:cobbled_deepslate",
                    "weight": 8
                },
                {
                    "type": "item",
                    "name": "minecraft:redstone",
                    "weight": 5
                },
                {
                    "type": "item",
                    "name": "minecraft:lapis_lazuli",
                    "weight": 5
                },
                {
                    "type": "item",
                    "name": "minecraft:diamond",
                    "weight": 3
                },
                {
                    "type": "item",
                    "name": "minecraft:emerald",
                    "weight": 3
                },
                {
                    "type": "item",
                    "name": "minecraft:ancient_debris",
                    "weight": 1
                }
            ]
        }
    ]
}