{
  "format_version": "1.16.100",
  "minecraft:entity": {
    "description": {
      "identifier": "im:drill_entity",
      "is_spawnable": false,
      "is_summonable": true,
      "is_experimental": false,
      "scripts": {
        "animate": [ "drill" ]
      },
      "animations": {
        "drill": "controller.animation.im.drill"
      }
    },

    "component_groups": {
      "im:despawn": { "minecraft:instant_despawn": {} }
    },

    "components": {
      "minecraft:health": {
        "value": 1,
        "max": 1,
        "min": 1
      },
      "minecraft:fire_immune": true,
      "minecraft:conditional_bandwidth_optimization": {}
    },

    "events": {
      "im:despawn": { "add": { "component_groups": [ "im:despawn" ] } }
    }
  }
}