{
  "format_version": "1.16.100",
  "minecraft:entity": {
    "description": {
      "identifier": "im:item_sorter",
      "is_spawnable": false,
      "is_summonable": true,
      "is_experimental": false,
      "scripts": { "animate": [ "item_sorter" ] },
      "animations": {
        "item_sorter": "controller.animation.im.item_sorter"
      }
    },

    "component_groups": {
    },

    "components": {
      "minecraft:interact": {
        "interactions": [
           {
              "on_interact": {
                "event": "im:interact",
                "target": "self"
              },
              "swing": true
           }
        ]
      },
      "minecraft:collision_box": {
        "width": 1.0,
        "height": 1.0
      },
      "minecraft:knockback_resistance": {
        "value": 1.0
      },
      "minecraft:persistent": {},
      "minecraft:health": {
        "value": 999,
        "max": 999
      },
      "minecraft:loot": {
        "table": "im_loot_tables/item_sorter.json"
      },
      "minecraft:on_hurt_by_player": {
        "event": "im:kill"
      },
      "minecraft:fire_immune": true,
      "minecraft:conditional_bandwidth_optimization": {}
    },
    "events": {
      "im:interact": {
        "run_command": {
          "command": [
            "summon im:menu"
          ]
        }
      },
      "minecraft:entity_spawned": {
        "run_command": {
          "command": [
            "scoreboard objectives add im_item_sorter dummy",
            "scoreboard players set @s im_item_sorter 0"
          ]
        }
      },
      "im:kill": {
        "run_command": {
          "command": [
            "effect @s invisibility 10 255 true",
            "kill @s"
          ]
        }
      }
    }
  }
}