{
  "format_version": "1.12",
  "minecraft:recipe_shaped": {
    "description": {
    "identifier": "vatonage:spawn_router"
    },

    "tags": [ "crafting_table" ],
    "pattern": [
      " B ",
      "ACA"
    ],
    "key": {
      "A": {
        "item": "minecraft:iron_ingot"
      },
      "B": {
        "item": "minecraft:lapis_lazuli"
      },
      "C": {
        "item": "minecraft:gold_ingot"
      }
    },
    "result": {
      "item": "vatonage:spawn_router",
      "count": 2
    }
  }
}
