{
  "format_version": "1.12",
  "minecraft:recipe_shaped": {
    "description": {
    "identifier": "im:drill_2"
    },

    "tags": [ "crafting_table" ],
    "pattern": [
      "CIC",
      "IDI",
      "#R#"
    ],
    "key": {
      "#": {
        "item": "minecraft:iron_block"
      },
      "C": {
        "item": "minecraft:cobblestone"
      },
      "R": {
        "item": "minecraft:redstone_block"
      },
      "I": {
        "item": "minecraft:iron_ingot"
      },
      "D": {
        "item": "im:drill_1"
      }
    },
    "result": {
      "item": "im:drill_2"
    }
  }
}
