{
  "format_version": "1.12",
  "minecraft:recipe_shaped": {
    "description": {
    "identifier": "im:oil_generator_2"
    },

    "tags": [ "crafting_table" ],
    "pattern": [
      "O##",
      " I ",
      "R R"
    ],
    "key": {
      "#": {
        "item": "minecraft:diamond_block"
      },
      "R": {
        "item": "minecraft:iron_block"
      },
      "O": {
        "item": "minecraft:obsidian"
      },
      "I": {
        "item": "im:oil_generator_1"
      }
    },
    "result": {
      "item": "im:oil_generator_2"
    }
  }
}
