{
  "format_version": "1.12",
  "minecraft:recipe_shaped": {
    "description": {
    "identifier": "im:redstone_furnace"
    },

    "tags": [ "crafting_table" ],
    "pattern": [
      "RRR",
      "BRS",
      "RRR"
    ],
    "key": {
      "B": {
        "item": "minecraft:blast_furnace"
      },
      "S": {
        "item": "minecraft:smoker"
      },
      "R": {
        "item": "minecraft:redstone"
      }
    },
    "result": {
      "item": "im:redstone_furnace"
    }
  }
}
