{
  "format_version": "1.12",
  "minecraft:recipe_shaped": {
    "description": {
    "identifier": "im:solar_panel_3"
    },

    "tags": [ "crafting_table" ],
    "pattern": [
      "D#D",
      "LRL",
      "I#I"
    ],
    "key": {
      "D": {
        "item": "minecraft:diamond"
      },
      "R": {
        "item": "im:solar_panel_2"
      },
      "L": {
        "item": "minecraft:lapis_block"
      },
      "I": {
        "item": "minecraft:iron_block"
      },
      "#": {
        "item": "minecraft:diamond_block"
      }
    },
    "result": {
      "item": "im:solar_panel_3"
    }
  }
}
