{
	"format_version": "1.12.0",
	"minecraft:geometry": [
		{
			"description": {
				"identifier": "geometry.auto_farmer",
				"texture_width": 64,
				"texture_height": 64,
				"visible_bounds_width": 2,
				"visible_bounds_height": 2.5,
				"visible_bounds_offset": [0, 0.75, 0]
			},
			"bones": [
				{
					"name": "bone",
					"pivot": [0, 0, 0],
					"cubes": [
						{"origin": [-8, 0, -8], "size": [16, 10, 16], "uv": [0, 0]},
						{"origin": [-7, 15, -7], "size": [14, 1, 14], "uv": [0, 26]},
						{"origin": [6, 10, 6], "size": [1, 5, 1], "uv": [8, 8]},
						{"origin": [-7, 10, 6], "size": [1, 5, 1], "uv": [4, 4]},
						{"origin": [6, 10, -7], "size": [1, 5, 1], "uv": [0, 6]},
						{"origin": [-6, 10, -6], "size": [12, 5, 12], "uv": [0, 41]},
						{"origin": [-7, 10, -7], "size": [1, 5, 1], "uv": [0, 0]}
					]
				}
			]
		}
	]
}