{
	"format_version": "1.12.0",
	"minecraft:geometry": [
		{
			"description": {
				"identifier": "geometry.chunk_loader",
				"texture_width": 64,
				"texture_height": 64,
				"visible_bounds_width": 2,
				"visible_bounds_height": 2.5,
				"visible_bounds_offset": [0, 0.75, 0]
			},
			"bones": [
				{
					"name": "bone",
					"pivot": [0, 0, 0],
					"cubes": [
						{"origin": [-8, 0, -8], "size": [16, 4, 16], "uv": [0, 0]},
						{"origin": [-7, 4, -7], "size": [14, 12, 14], "uv": [0, 20]},
						{"origin": [-4, 4, -4], "size": [8, 8, 8], "uv": [0, 46]}
					]
				}
			]
		}
	]
}