{
	"format_version": "1.12.0",
	"minecraft:geometry": [
		{
			"description": {
				"identifier": "geometry.drying_rack",
				"texture_width": 64,
				"texture_height": 64,
				"visible_bounds_width": 2,
				"visible_bounds_height": 2.5,
				"visible_bounds_offset": [0, 0.75, 0]
			},
			"bones": [
				{
					"name": "bone",
					"pivot": [0, 0, 0],
					"cubes": [
						{"origin": [-8, 13, 5], "size": [16, 3, 3], "uv": [0, 22]},
						{"origin": [-8, 0, 4], "size": [16, 16, 5], "inflate": -3, "uv": [0, 0]}
					]
				}
			]
		}
	]
}